title,canonical title,year,month,day,_circulation,_price,type,publishing company,titles included,editor,average?,source,circulation certainty,special notes,magazine_id,type_id,circulation_for_db,price_for_db
Harper's Magazine,Harper's,1919,1,,80502,$0.35,,Harper & Brothers,,Henry Mills Alden,,,,,,,,
Harper's Magazine,Harper's,1919,2,,78482,$0.35,,Harper & Brothers,,Henry Mills Alden,,,,,,,,
Harper's Magazine,Harper's,1919,3,,78556,$0.35,,Harper & Brothers,,Henry Mills Alden,,,,,,,,
Harper's Magazine,Harper's,1919,4,,78868,$0.35,,Harper & Brothers,,Henry Mills Alden,,,,,,,,
Harper's Magazine,Harper's,1919,5,,81595,$0.35,,Harper & Brothers,,Henry Mills Alden,,,,,,,,
Harper's Magazine,Harper's,1919,6,,82532,$0.35,,Harper & Brothers,,Henry Mills Alden,,,,,,,,
Harper's Magazine,Harper's,1919,7,,84397,$0.35,,Harper & Brothers,,Henry Mills Alden,,,,,,,,
Harper's Magazine,Harper's,1919,8,,91889,$0.35,,Harper & Brothers,,Henry Mills Alden,,,,,,,,
Harper's Magazine,Harper's,1919,9,,90237,$0.35,,Harper & Brothers,,Henry Mills Alden,,,,,,,,
Harper's Magazine,Harper's,1919,10,,96523,$0.35,,Harper & Brothers,,Henry Mills Alden,,,,,,,,
Harper's Magazine,Harper's,1919,11,,81828,$0.35,,Harper & Brothers,,Thomas B. Wells,,,,,,,,
Harper's Magazine,Harper's,1919,12,,90481,$0.35,,Harper & Brothers,,Thomas B. Wells,,,,,,,,
Harper's Magazine,Harper's,1920,1,,89173,$0.35,,Harper & Brothers,,Thomas B. Wells,,,,,,,,
Harper's Magazine,Harper's,1920,2,,89761,$0.35,,Harper & Brothers,,Thomas B. Wells,,,,,,,,
Harper's Magazine,Harper's,1920,3,,83128,$0.35,,Harper & Brothers,,Thomas B. Wells,,,,,,,,
Harper's Magazine,Harper's,1920,4,,84594,$0.35,,Harper & Brothers,,Thomas B. Wells,,,,,,,,
Harper's Magazine,Harper's,1920,5,,84734,$0.35,,Harper & Brothers,,Thomas B. Wells,,,,,,,,
Harper's Magazine,Harper's,1920,6,,83988,$0.35,,Harper & Brothers,,Thomas B. Wells,,,,,,,,
Harper's Magazine,Harper's,1920,7,,84424,$0.40,,Harper & Brothers,,Thomas B. Wells,,,,,,,,
Harper's Magazine,Harper's,1920,8,,85134,$0.40,,Harper & Brothers,,Thomas B. Wells,,,,,,,,
Harper's Magazine,Harper's,1920,9,,87267,$0.40,,Harper & Brothers,,Thomas B. Wells,,,,,,,,
Harper's Magazine,Harper's,1920,10,,84586,$0.40,,Harper & Brothers,,Thomas B. Wells,,,,,,,,
Harper's Magazine,Harper's,1920,11,,90870,$0.40,,Harper & Brothers,,Thomas B. Wells,,,,,,,,
Harper's Magazine,Harper's,1920,12,,95374,$0.40,,Harper & Brothers,,Thomas B. Wells,,,,,,,,
Harper's Magazine,Harper's,1921,1,,91275,$0.45,,Harper & Brothers,,Thomas B. Wells,,,,,,,,
Harper's Magazine,Harper's,1921,2,,85648,$0.45,,Harper & Brothers,,Thomas B. Wells,,,,,,,,
Harper's Magazine,Harper's,1921,3,,78465,$0.45,,Harper & Brothers,,Thomas B. Wells,,,,,,,,
Harper's Magazine,Harper's,1921,4,,79436,$0.45,,Harper & Brothers,,Thomas B. Wells,,,,,,,,
Harper's Magazine,Harper's,1921,5,,74288,$0.45,,Harper & Brothers,,Thomas B. Wells,,,,,,,,
Harper's Magazine,Harper's,1921,6,,73005,$0.45,,Harper & Brothers,,Thomas B. Wells,,,,,,,,
Harper's Magazine,Harper's,1921,7,,68743,$0.45,,Harper & Brothers,,Thomas B. Wells,,,,,,,,
Harper's Magazine,Harper's,1921,8,,72151,$0.45,,Harper & Brothers,,Thomas B. Wells,,,,,,,,
Harper's Magazine,Harper's,1921,9,,71323,$0.40,,Harper & Brothers,,Thomas B. Wells,,,,,,,,
Harper's Magazine,Harper's,1921,10,,70513,$0.40,,Harper & Brothers,,Thomas B. Wells,,,,,,,,
Harper's Magazine,Harper's,1921,11,,71382,$0.40,,Harper & Brothers,,Thomas B. Wells,,,,,,,,
Harper's Magazine,Harper's,1921,12,,75485,$0.40,,Harper & Brothers,,Thomas B. Wells,,,,,,,,
Harper's Magazine,Harper's,1922,1,,73222,$0.40,,Harper & Brothers,,Thomas B. Wells,,,,,,,,
Harper's Magazine,Harper's,1922,2,,75791,$0.40,,Harper & Brothers,,Thomas B. Wells,,,,,,,,
Harper's Magazine,Harper's,1922,3,,70684,$0.40,,Harper & Brothers,,Thomas B. Wells,,,,,,,,
Harper's Magazine,Harper's,1922,4,,69423,$0.40,,Harper & Brothers,,Thomas B. Wells,,,,,,,,
Harper's Magazine,Harper's,1922,5,,68210,$0.40,,Harper & Brothers,,Thomas B. Wells,,,,,,,,
Harper's Magazine,Harper's,1922,6,,68595,$0.40,,Harper & Brothers,,Thomas B. Wells,,,,,,,,
Harper's Magazine,Harper's,1922,7,,67479,$0.40,,Harper & Brothers,,Thomas B. Wells,,,,,,,,
Harper's Magazine,Harper's,1922,8,,68444,$0.35,,Harper & Brothers,,Thomas B. Wells,,,,,,,,
Harper's Magazine,Harper's,1922,9,,66787,$0.35,,Harper & Brothers,,Thomas B. Wells,,,,,,,,
Harper's Magazine,Harper's,1922,10,,67650,$0.35,,Harper & Brothers,,Thomas B. Wells,,,,,,,,
Harper's Magazine,Harper's,1922,11,,71959,$0.35,,Harper & Brothers,,Thomas B. Wells,,,,,,,,
Harper's Magazine,Harper's,1922,12,,78059,$0.35,,Harper & Brothers,,Thomas B. Wells,,,,,,,,
Harper's Magazine,Harper's,1923,1,,74931,$0.35,,Harper & Brothers,,Thomas B. Wells,,,,,,,,
Harper's Magazine,Harper's,1923,2,,71107,$0.35,,Harper & Brothers,,Thomas B. Wells,,,,,,,,
Harper's Magazine,Harper's,1923,3,,65441,$0.35,,Harper & Brothers,,Thomas B. Wells,,,,,,,,
Harper's Magazine,Harper's,1923,4,,67594,$0.35,,Harper & Brothers,,Thomas B. Wells,,,,,,,,
Harper's Magazine,Harper's,1923,5,,66759,$0.35,,Harper & Brothers,,Thomas B. Wells,,,,,,,,
Harper's Magazine,Harper's,1923,6,,66348,$0.35,,Harper & Brothers,,Thomas B. Wells,,,,,,,,
Harper's Magazine,Harper's,1923,7,,59018,$0.35,,Harper & Brothers,,Thomas B. Wells,,,,,,,,
Harper's Magazine,Harper's,1923,8,,63720,$0.35,,Harper & Brothers,,Thomas B. Wells,,,,,,,,
Harper's Magazine,Harper's,1923,9,,63300,$0.35,,Harper & Brothers,,Thomas B. Wells,,,,,,,,
Harper's Magazine,Harper's,1923,10,,58815,$0.35,,Harper & Brothers,,Thomas B. Wells,,,,,,,,
Harper's Magazine,Harper's,1923,11,,61533,$0.35,,Harper & Brothers,,Thomas B. Wells,,,,,,,,
Harper's Magazine,Harper's,1923,12,,69976,$0.35,,Harper & Brothers,,Thomas B. Wells,,,,,,,,
Harper's Magazine,Harper's,1924,1,,,,,Harper & Brothers,,Thomas B. Wells,,,,Statement Not Received,,,,
Harper's Magazine,Harper's,1924,2,,,,,Harper & Brothers,,Thomas B. Wells,,,,Statement Not Received,,,,
Harper's Magazine,Harper's,1924,3,,,,,Harper & Brothers,,Thomas B. Wells,,,,Statement Not Received,,,,
Harper's Magazine,Harper's,1924,4,,,,,Harper & Brothers,,Thomas B. Wells,,,,Statement Not Received,,,,
Harper's Magazine,Harper's,1924,5,,,,,Harper & Brothers,,Thomas B. Wells,,,,Statement Not Received,,,,
Harper's Magazine,Harper's,1924,6,,,,,Harper & Brothers,,Thomas B. Wells,,,,Statement Not Received,,,,
Harper's Magazine,Harper's,1924,7,,67060,$0.35,,Harper & Brothers,,Thomas B. Wells,,ABC Blue Book,,,,,,
Harper's Magazine,Harper's,1924,8,,68450,$0.35,,Harper & Brothers,,Thomas B. Wells,,,,,,,,
Harper's Magazine,Harper's,1924,9,,66891,$0.35,,Harper & Brothers,,Thomas B. Wells,,,,,,,,
Harper's Magazine,Harper's,1924,10,,64562,$0.35,,Harper & Brothers,,Thomas B. Wells,,,,,,,,
Harper's Magazine,Harper's,1924,11,,67755,$0.35,,Harper & Brothers,,Thomas B. Wells,,,,,,,,
Harper's Magazine,Harper's,1924,12,,73052,$0.35,,Harper & Brothers,,Thomas B. Wells,,,,,,,,
Harper's Magazine,Harper's,1925,1,,71275,$0.35,,Harper & Brothers,,Thomas B. Wells,,,,,,,,
Harper's Magazine,Harper's,1925,2,,71692,$0.35,,Harper & Brothers,,Thomas B. Wells,,,,,,,,
Harper's Magazine,Harper's,1925,3,,70009,$0.35,,Harper & Brothers,,Thomas B. Wells,,,,,,,,
Harper's Magazine,Harper's,1925,4,,67012,$0.35,,Harper & Brothers,,Thomas B. Wells,,,,,,,,
Harper's Magazine,Harper's,1925,5,,67912,$0.35,,Harper & Brothers,,Thomas B. Wells,,,,,,,,
Harper's Magazine,Harper's,1925,6,,68444,$0.35,,Harper & Brothers,,Thomas B. Wells,,,,,,,,
Harper's Magazine,Harper's,1925,7,,63638,$0.35,,Harper & Brothers,,Thomas B. Wells,,,,,,,,
Harper's Magazine,Harper's,1925,8,,64551,$0.35,,Harper & Brothers,,Thomas B. Wells,,,,,,,,
Harper's Magazine,Harper's,1925,9,,88004,$0.35,,Harper & Brothers,,Thomas B. Wells,,,,,,,,
Harper's Magazine,Harper's,1925,10,,84359,$0.35,,Harper & Brothers,,Thomas B. Wells,,,,,,,,
Harper's Magazine,Harper's,1925,11,,92442,$0.35,,Harper & Brothers,,Thomas B. Wells,,,,,,,,
Harper's Magazine,Harper's,1925,12,,102901,$0.35,,Harper & Brothers,,Thomas B. Wells,,,,,,,,
Harper's Magazine,Harper's,1926,1,,89402,$0.35,,Harper & Brothers,,Thomas B. Wells,,,,,,,,
Harper's Magazine,Harper's,1926,2,,90824,$0.35,,Harper & Brothers,,Thomas B. Wells,,,,,,,,
Harper's Magazine,Harper's,1926,3,,92839,$0.35,,Harper & Brothers,,Thomas B. Wells,,,,,,,,
Harper's Magazine,Harper's,1926,4,,95367,$0.35,,Harper & Brothers,,Thomas B. Wells,,,,,,,,
Harper's Magazine,Harper's,1926,5,,91554,$0.35,,Harper & Brothers,,Thomas B. Wells,,,,,,,,
Harper's Magazine,Harper's,1926,6,,92782,$0.35,,Harper & Brothers,,Thomas B. Wells,,,,,,,,
Harper's Magazine,Harper's,1926,7,,100904,$0.35,,Harper & Brothers,,Thomas B. Wells,,,,,,,,
Harper's Magazine,Harper's,1926,8,,107121,$0.35,,Harper & Brothers,,Thomas B. Wells,,,,,,,,
Harper's Magazine,Harper's,1926,9,,106380,$0.35,,Harper & Brothers,,Thomas B. Wells,,,,,,,,
Harper's Magazine,Harper's,1926,10,,103969,$0.35,,Harper & Brothers,,Thomas B. Wells,,,,,,,,
Harper's Magazine,Harper's,1926,11,,108819,$0.35,,Harper & Brothers,,Thomas B. Wells,,,,,,,,
Harper's Magazine,Harper's,1926,12,,113430,$0.35,,Harper & Brothers,,Thomas B. Wells,,,,,,,,
Harper's Magazine,Harper's,1927,1,,121198,$0.35,,Harper & Brothers,,Thomas B. Wells,,,,,,,,
Harper's Magazine,Harper's,1927,2,,121206,$0.35,,Harper & Brothers,,Thomas B. Wells,,,,,,,,
Harper's Magazine,Harper's,1927,3,,115076,$0.35,,Harper & Brothers,,Thomas B. Wells,,,,,,,,
Harper's Magazine,Harper's,1927,4,,109761,$0.35,,Harper & Brothers,,Thomas B. Wells,,,,,,,,
Harper's Magazine,Harper's,1927,5,,101392,$0.35,,Harper & Brothers,,Thomas B. Wells,,,,,,,,
Harper's Magazine,Harper's,1927,6,,100529,$0.35,,Harper & Brothers,,Thomas B. Wells,,,,,,,,
Harper's Magazine,Harper's,1927,7,,103912,$0.35,,Harper & Brothers,,Thomas B. Wells,,,,,,,,
Harper's Magazine,Harper's,1927,8,,105208,$0.35,,Harper & Brothers,,Thomas B. Wells,,,,,,,,
Harper's Magazine,Harper's,1927,9,,114154,$0.35,,Harper & Brothers,,Thomas B. Wells,,,,,,,,
Harper's Magazine,Harper's,1927,10,,113005,$0.35,,Harper & Brothers,,Thomas B. Wells,,,,,,,,
Harper's Magazine,Harper's,1927,11,,113135,$0.35,,Harper & Brothers,,Thomas B. Wells,,,,,,,,
Harper's Magazine,Harper's,1927,12,,125164,$0.35,,Harper & Brothers,,Thomas B. Wells,,,,,,,,
Harper's Magazine,Harper's,1928,1,,,$0.35,,Harper & Brothers,,Thomas B. Wells,,,,Statement in Correspondence,,,,
Harper's Magazine,Harper's,1928,2,,,$0.35,,Harper & Brothers,,Thomas B. Wells,,,,Statement in Correspondence,,,,
Harper's Magazine,Harper's,1928,3,,,$0.35,,Harper & Brothers,,Thomas B. Wells,,,,Statement in Correspondence,,,,
Harper's Magazine,Harper's,1928,4,,,$0.35,,Harper & Brothers,,Thomas B. Wells,,,,Statement in Correspondence,,,,
Harper's Magazine,Harper's,1928,5,,,$0.35,,Harper & Brothers,,Thomas B. Wells,,,,Statement in Correspondence,,,,
Harper's Magazine,Harper's,1928,6,,,$0.35,,Harper & Brothers,,Thomas B. Wells,,,,Statement in Correspondence,,,,
Harper's Magazine,Harper's,1928,7,,106372,$0.35,,Harper & Brothers,,Thomas B. Wells,,,,,,,,
Harper's Magazine,Harper's,1928,8,,106957,$0.40,,Harper & Brothers,,Thomas B. Wells,,,,,,,,
Harper's Magazine,Harper's,1928,9,,121345,$0.40,,Harper & Brothers,,Thomas B. Wells,,,,,,,,
Harper's Magazine,Harper's,1928,10,,122463,$0.40,,Harper & Brothers,,Thomas B. Wells,,,,,,,,
Harper's Magazine,Harper's,1928,11,,126908,$0.40,,Harper & Brothers,,Thomas B. Wells,,,,,,,,
Harper's Magazine,Harper's,1928,12,,136855,$0.40,,Harper & Brothers,,Thomas B. Wells,,,,,,,,
Harper's Magazine,Harper's,1929,1,,135315,$0.40,,Harper & Brothers,,Thomas B. Wells,,,,,,,,
Harper's Magazine,Harper's,1929,2,,133457,$0.40,,Harper & Brothers,,Thomas B. Wells,,,,,,,,
Harper's Magazine,Harper's,1929,3,,124413,$0.40,,Harper & Brothers,,Thomas B. Wells,,,,,,,,
Harper's Magazine,Harper's,1929,4,,118171,$0.40,,Harper & Brothers,,Thomas B. Wells,,,,,,,,
Harper's Magazine,Harper's,1929,5,,107652,$0.40,,Harper & Brothers,,Thomas B. Wells,,,,,,,,
Harper's Magazine,Harper's,1929,6,,107687,$0.40,,Harper & Brothers,,Thomas B. Wells,,,,,,,,
Harper's Magazine,Harper's,1929,7,,104464,$0.40,,Harper & Brothers,,Thomas B. Wells,,,,,,,,
Harper's Magazine,Harper's,1929,8,,108611,$0.40,,Harper & Brothers,,Thomas B. Wells,,,,,,,,
Harper's Magazine,Harper's,1929,9,,116280,$0.40,,Harper & Brothers,,Thomas B. Wells,,,,,,,,
Harper's Magazine,Harper's,1929,10,,122202,$0.40,,Harper & Brothers,,Thomas B. Wells,,,,,,,,
Harper's Magazine,Harper's,1929,11,,132104,$0.40,,Harper & Brothers,,Thomas B. Wells,,,,,,,,
Harper's Magazine,Harper's,1929,12,,138497,$0.40,,Harper & Brothers,,Thomas B. Wells,,,,,,,,
Harper's Magazine,Harper's,1930,1,,137897,$0.40,,Harper & Brothers,,Thomas B. Wells,,,,,,,,
Harper's Magazine,Harper's,1930,2,,120219,$0.40,,Harper & Brothers,,Thomas B. Wells,,,,,,,,
Harper's Magazine,Harper's,1930,3,,127016,$0.40,,Harper & Brothers,,Thomas B. Wells,,,,,,,,
Harper's Magazine,Harper's,1930,4,,117825,$0.40,,Harper & Brothers,,Thomas B. Wells,,,,,,,,
Harper's Magazine,Harper's,1930,5,,107408,$0.40,,Harper & Brothers,,Thomas B. Wells,,,,,,,,
Harper's Magazine,Harper's,1930,6,,105213,$0.40,,Harper & Brothers,,Thomas B. Wells,,,,,,,,
Harper's Magazine,Harper's,1930,7,,100119,$0.40,,Harper & Brothers,,Thomas B. Wells,,,,,,,,
Harper's Magazine,Harper's,1930,8,,102529,$0.40,,Harper & Brothers,,Thomas B. Wells,,,,,,,,
Harper's Magazine,Harper's,1930,9,,120973,$0.40,,Harper & Brothers,,Thomas B. Wells,,,,,,,,
Harper's Magazine,Harper's,1930,10,,126238,$0.40,,Harper & Brothers,,Thomas B. Wells,,,,,,,,
Harper's Magazine,Harper's,1930,11,,130666,$0.40,,Harper & Brothers,,Thomas B. Wells,,,,,,,,
Harper's Magazine,Harper's,1930,12,,131924,$0.40,,Harper & Brothers,,Thomas B. Wells,,,,,,,,
Harper's Magazine,Harper's,1931,1,,131981,$0.40,,Harper & Brothers,,Thomas B. Wells,,,,,,,,
Harper's Magazine,Harper's,1931,2,,131667,$0.40,,Harper & Brothers,,Thomas B. Wells,,,,,,,,
Harper's Magazine,Harper's,1931,3,,116215,$0.40,,Harper & Brothers,,Thomas B. Wells,,,,,,,,
Harper's Magazine,Harper's,1931,4,,111474,$0.40,,Harper & Brothers,,Thomas B. Wells,,,,,,,,
Harper's Magazine,Harper's,1931,5,,110932,$0.40,,Harper & Brothers,,Thomas B. Wells,,,,,,,,
Harper's Magazine,Harper's,1931,6,,111563,$0.40,,Harper & Brothers,,Thomas B. Wells,,,,,,,,
Harper's Magazine,Harper's,1931,7,,104089,$0.40,,Harper & Brothers,,Lee Foster Hartman,,,,,,,,
Harper's Magazine,Harper's,1931,8,,104441,$0.40,,Harper & Brothers,,Lee Foster Hartman,,,,,,,,
Harper's Magazine,Harper's,1931,9,,113493,$0.40,,Harper & Brothers,,Lee Foster Hartman,,,,,,,,
Harper's Magazine,Harper's,1931,10,,116274,$0.40,,Harper & Brothers,,Lee Foster Hartman,,,,,,,,
Harper's Magazine,Harper's,1931,11,,119417,$0.40,,Harper & Brothers,,Lee Foster Hartman,,,,,,,,
Harper's Magazine,Harper's,1931,12,,121652,$0.40,,Harper & Brothers,,Lee Foster Hartman,,,,,,,,
Harper's Magazine,Harper's,1932,1,,119477,$0.40,,Harper & Brothers,,Lee Foster Hartman,,,,,,,,
Harper's Magazine,Harper's,1932,2,,119918,$0.40,,Harper & Brothers,,Lee Foster Hartman,,,,,,,,
Harper's Magazine,Harper's,1932,3,,112982,$0.40,,Harper & Brothers,,Lee Foster Hartman,,,,,,,,
Harper's Magazine,Harper's,1932,4,,105125,$0.40,,Harper & Brothers,,Lee Foster Hartman,,,,,,,,
Harper's Magazine,Harper's,1932,5,,96354,$0.40,,Harper & Brothers,,Lee Foster Hartman,,,,,,,,
Harper's Magazine,Harper's,1932,6,,92150,$0.40,,Harper & Brothers,,Lee Foster Hartman,,,,,,,,
Harper's Magazine,Harper's,1932,7,,86088,$0.40,,Harper & Brothers,,Lee Foster Hartman,,,,,,,,
Harper's Magazine,Harper's,1932,8,,87721,$0.40,,Harper & Brothers,,Lee Foster Hartman,,,,,,,,
Harper's Magazine,Harper's,1932,9,,93448,$0.40,,Harper & Brothers,,Lee Foster Hartman,,,,,,,,
Harper's Magazine,Harper's,1932,10,,100866,$0.40,,Harper & Brothers,,Lee Foster Hartman,,,,,,,,
Harper's Magazine,Harper's,1932,11,,101791,$0.40,,Harper & Brothers,,Lee Foster Hartman,,,,,,,,
Harper's Magazine,Harper's,1932,12,,106418,$0.40,,Harper & Brothers,,Lee Foster Hartman,,,,,,,,
Harper's Magazine,Harper's,1933,1,,127058,$0.40,,Harper & Brothers,,Lee Foster Hartman,,,,,,,,
Harper's Magazine,Harper's,1933,2,,106269,$0.40,,Harper & Brothers,,Lee Foster Hartman,,,,,,,,
Harper's Magazine,Harper's,1933,3,,95423,$0.40,,Harper & Brothers,,Lee Foster Hartman,,,,,,,,
Harper's Magazine,Harper's,1933,4,,92014,$0.40,,Harper & Brothers,,Lee Foster Hartman,,,,,,,,
Harper's Magazine,Harper's,1933,5,,88776,$0.40,,Harper & Brothers,,Lee Foster Hartman,,,,,,,,
Harper's Magazine,Harper's,1933,6,,91087,$0.40,,Harper & Brothers,,Lee Foster Hartman,,,,,,,,
Harper's Magazine,Harper's,1933,7,,82843,$0.40,,Harper & Brothers,,Lee Foster Hartman,,,,,,,,
Harper's Magazine,Harper's,1933,8,,91417,$0.40,,Harper & Brothers,,Lee Foster Hartman,,,,,,,,
Harper's Magazine,Harper's,1933,9,,105613,$0.40,,Harper & Brothers,,Lee Foster Hartman,,,,,,,,
Harper's Magazine,Harper's,1933,10,,108401,$0.40,,Harper & Brothers,,Lee Foster Hartman,,,,,,,,
Harper's Magazine,Harper's,1933,11,,107433,$0.40,,Harper & Brothers,,Lee Foster Hartman,,,,,,,,
Harper's Magazine,Harper's,1933,12,,111528,$0.40,,Harper & Brothers,,Lee Foster Hartman,,,,,,,,
Harper's Magazine,Harper's,1934,1,,110333,$0.40,,Harper & Brothers,,Lee Foster Hartman,,,,,,,,
Harper's Magazine,Harper's,1934,2,,109454,$0.40,,Harper & Brothers,,Lee Foster Hartman,,,,,,,,
Harper's Magazine,Harper's,1934,3,,108485,$0.40,,Harper & Brothers,,Lee Foster Hartman,,,,,,,,
Harper's Magazine,Harper's,1934,4,,102762,$0.40,,Harper & Brothers,,Lee Foster Hartman,,,,,,,,
Harper's Magazine,Harper's,1934,5,,95879,$0.40,,Harper & Brothers,,Lee Foster Hartman,,,,,,,,
Harper's Magazine,Harper's,1934,6,,92297,$0.40,,Harper & Brothers,,Lee Foster Hartman,,,,,,,,
Harper's Magazine,Harper's,1934,7,,95830,$0.40,,Harper & Brothers,,Lee Foster Hartman,,,,,,,,
Harper's Magazine,Harper's,1934,8,,97658,$0.40,,Harper & Brothers,,Lee Foster Hartman,,,,,,,,
Harper's Magazine,Harper's,1934,9,,99643,$0.40,,Harper & Brothers,,Lee Foster Hartman,,,,,,,,
Harper's Magazine,Harper's,1934,10,,99631,$0.40,,Harper & Brothers,,Lee Foster Hartman,,,,,,,,
Harper's Magazine,Harper's,1934,11,,105194,$0.40,,Harper & Brothers,,Lee Foster Hartman,,,,,,,,
Harper's Magazine,Harper's,1934,12,,108498,$0.40,,Harper & Brothers,,Lee Foster Hartman,,,,,,,,
Harper's Magazine,Harper's,1935,1,,108465,$0.40,,Harper & Brothers,,Lee Foster Hartman,,,,,,,,
Harper's Magazine,Harper's,1935,2,,109152,$0.40,,Harper & Brothers,,Lee Foster Hartman,,,,,,,,
Harper's Magazine,Harper's,1935,3,,102727,$0.40,,Harper & Brothers,,Lee Foster Hartman,,,,,,,,
Harper's Magazine,Harper's,1935,4,,99257,$0.40,,Harper & Brothers,,Lee Foster Hartman,,,,,,,,
Harper's Magazine,Harper's,1935,5,,95521,$0.40,,Harper & Brothers,,Lee Foster Hartman,,,,,,,,
Harper's Magazine,Harper's,1935,6,,95719,$0.40,,Harper & Brothers,,Lee Foster Hartman,,,,,,,,
Harper's Magazine,Harper's,1935,7,,93193,$0.40,,Harper & Brothers,,Lee Foster Hartman,,,,,,,,
Harper's Magazine,Harper's,1935,8,,96916,$0.40,,Harper & Brothers,,Lee Foster Hartman,,,,,,,,
Harper's Magazine,Harper's,1935,9,,98128,$0.40,,Harper & Brothers,,Lee Foster Hartman,,,,,,,,
Harper's Magazine,Harper's,1935,10,,103579,$0.40,,Harper & Brothers,,Lee Foster Hartman,,,,,,,,
Harper's Magazine,Harper's,1935,11,,109286,$0.40,,Harper & Brothers,,Lee Foster Hartman,,,,,,,,
Harper's Magazine,Harper's,1935,12,,111405,$0.40,,Harper & Brothers,,Lee Foster Hartman,,,,,,,,
Harper's Magazine,Harper's,1936,1,,110217,$0.40,,Harper & Brothers,,Lee Foster Hartman,,,,,,,,
Harper's Magazine,Harper's,1936,2,,112242,$0.40,,Harper & Brothers,,Lee Foster Hartman,,,,,,,,
Harper's Magazine,Harper's,1936,3,,111900,$0.40,,Harper & Brothers,,Lee Foster Hartman,,,,,,,,
Harper's Magazine,Harper's,1936,4,,106087,$0.40,,Harper & Brothers,,Lee Foster Hartman,,,,,,,,
Harper's Magazine,Harper's,1936,5,,96499,$0.40,,Harper & Brothers,,Lee Foster Hartman,,,,,,,,
Harper's Magazine,Harper's,1936,6,,88860,$0.40,,Harper & Brothers,,Lee Foster Hartman,,,,,,,,
Harper's Magazine,Harper's,1936,7,,89890,$0.40,,Harper & Brothers,,Lee Foster Hartman,,,,,,,,
Harper's Magazine,Harper's,1936,8,,97644,$0.40,,Harper & Brothers,,Lee Foster Hartman,,,,,,,,
Harper's Magazine,Harper's,1936,9,,105028,$0.40,,Harper & Brothers,,Lee Foster Hartman,,,,,,,,
Harper's Magazine,Harper's,1936,10,,105716,$0.40,,Harper & Brothers,,Lee Foster Hartman,,,,,,,,
Harper's Magazine,Harper's,1936,11,,111469,$0.40,,Harper & Brothers,,Lee Foster Hartman,,,,,,,,
Harper's Magazine,Harper's,1936,12,,111193,$0.40,,Harper & Brothers,,Lee Foster Hartman,,,,,,,,
Harper's Magazine,Harper's,1937,1,,114763,$0.40,,Harper & Brothers,,Lee Foster Hartman,,,,,,,,
Harper's Magazine,Harper's,1937,2,,109282,$0.40,,Harper & Brothers,,Lee Foster Hartman,,,,,,,,
Harper's Magazine,Harper's,1937,3,,104380,$0.40,,Harper & Brothers,,Lee Foster Hartman,,,,,,,,
Harper's Magazine,Harper's,1937,4,,96522,$0.40,,Harper & Brothers,,Lee Foster Hartman,,,,,,,,
Harper's Magazine,Harper's,1937,5,,94227,$0.40,,Harper & Brothers,,Lee Foster Hartman,,,,,,,,
Harper's Magazine,Harper's,1937,6,,90774,$0.40,,Harper & Brothers,,Lee Foster Hartman,,,,,,,,
Harper's Magazine,Harper's,1937,7,,88082,$0.40,,Harper & Brothers,,Lee Foster Hartman,,,,,,,,
Harper's Magazine,Harper's,1937,8,,98552,$0.40,,Harper & Brothers,,Lee Foster Hartman,,,,,,,,
Harper's Magazine,Harper's,1937,9,,101622,$0.40,,Harper & Brothers,,Lee Foster Hartman,,,,,,,,
Harper's Magazine,Harper's,1937,10,,105728,$0.40,,Harper & Brothers,,Lee Foster Hartman,,,,,,,,
Harper's Magazine,Harper's,1937,11,,107552,$0.40,,Harper & Brothers,,Lee Foster Hartman,,,,,,,,
Harper's Magazine,Harper's,1937,12,,108417,$0.40,,Harper & Brothers,,Lee Foster Hartman,,,,,,,,
Harper's Magazine,Harper's,1938,1,,109512,$0.40,,Harper & Brothers,,Lee Foster Hartman,,,,,,,,
Harper's Magazine,Harper's,1938,2,,105966,$0.40,,Harper & Brothers,,Lee Foster Hartman,,,,,,,,
Harper's Magazine,Harper's,1938,3,,104169,$0.40,,Harper & Brothers,,Lee Foster Hartman,,,,,,,,
Harper's Magazine,Harper's,1938,4,,102687,$0.40,,Harper & Brothers,,Lee Foster Hartman,,,,,,,,
Harper's Magazine,Harper's,1938,5,,93920,$0.40,,Harper & Brothers,,Lee Foster Hartman,,,,,,,,
Harper's Magazine,Harper's,1938,6,,91308,$0.40,,Harper & Brothers,,Lee Foster Hartman,,,,,,,,
Harper's Magazine,Harper's,1938,7,,91197,$0.40,,Harper & Brothers,,Lee Foster Hartman,,,,,,,,
Harper's Magazine,Harper's,1938,8,,97481,$0.40,,Harper & Brothers,,Lee Foster Hartman,,,,,,,,
Harper's Magazine,Harper's,1938,9,,96658,$0.40,,Harper & Brothers,,Lee Foster Hartman,,,,,,,,
Harper's Magazine,Harper's,1938,10,,108191,$0.40,,Harper & Brothers,,Lee Foster Hartman,,,,,,,,
Harper's Magazine,Harper's,1938,11,,107850,$0.40,,Harper & Brothers,,Lee Foster Hartman,,,,,,,,
Harper's Magazine,Harper's,1938,12,,110084,$0.40,,Harper & Brothers,,Lee Foster Hartman,,,,,,,,
Harper's Magazine,Harper's,1939,1,,114136,$0.40,,Harper & Brothers,,Lee Foster Hartman,,,,,,,,
Harper's Magazine,Harper's,1939,2,,116210,$0.40,,Harper & Brothers,,Lee Foster Hartman,,,,,,,,
Harper's Magazine,Harper's,1939,3,,115024,$0.40,,Harper & Brothers,,Lee Foster Hartman,,,,,,,,
Harper's Magazine,Harper's,1939,4,,109711,$0.40,,Harper & Brothers,,Lee Foster Hartman,,,,,,,,
Harper's Magazine,Harper's,1939,5,,103568,$0.40,,Harper & Brothers,,Lee Foster Hartman,,,,,,,,
Harper's Magazine,Harper's,1939,6,,100076,$0.40,,Harper & Brothers,,Lee Foster Hartman,,,,,,,,
Harper's Magazine,Harper's,1939,7,,102341,$0.40,,Harper & Brothers,,Lee Foster Hartman,,,,,,,,
Harper's Magazine,Harper's,1939,8,,95692,$0.40,,Harper & Brothers,,Lee Foster Hartman,,,,,,,,
Harper's Magazine,Harper's,1939,9,,104820,$0.40,,Harper & Brothers,,Lee Foster Hartman,,,,,,,,
Harper's Magazine,Harper's,1939,10,,110761,$0.40,,Harper & Brothers,,Lee Foster Hartman,,,,,,,,
Harper's Magazine,Harper's,1939,11,,114099,$0.40,,Harper & Brothers,,Lee Foster Hartman,,,,,,,,
Harper's Magazine,Harper's,1939,12,,114287,$0.40,,Harper & Brothers,,Lee Foster Hartman,,,,,,,,
Harper's Magazine,Harper's,1940,1,,115941,$0.40,,Harper & Brothers,,Lee Foster Hartman,,,,,,,,
Harper's Magazine,Harper's,1940,2,,116054,$0.40,,Harper & Brothers,,Lee Foster Hartman,,,,,,,,
Harper's Magazine,Harper's,1940,3,,112846,$0.40,,Harper & Brothers,,Lee Foster Hartman,,,,,,,,
Harper's Magazine,Harper's,1940,4,,105899,$0.40,,Harper & Brothers,,Lee Foster Hartman,,,,,,,,
Harper's Magazine,Harper's,1940,5,,101268,$0.40,,Harper & Brothers,,Lee Foster Hartman,,,,,,,,
Harper's Magazine,Harper's,1940,6,,94610,$0.40,,Harper & Brothers,,Lee Foster Hartman,,,,,,,,
Harper's Magazine,Harper's,1940,7,,94836,$0.40,,Harper & Brothers,,Lee Foster Hartman,,,,,,,,
Harper's Magazine,Harper's,1940,8,,98169,$0.40,,Harper & Brothers,,Lee Foster Hartman,,,,,,,,
Harper's Magazine,Harper's,1940,9,,105507,$0.40,,Harper & Brothers,,Lee Foster Hartman,,,,,,,,
Harper's Magazine,Harper's,1940,10,,113115,$0.40,,Harper & Brothers,,Lee Foster Hartman,,,,,,,,
Harper's Magazine,Harper's,1940,11,,110274,$0.40,,Harper & Brothers,,Lee Foster Hartman,,,,,,,,
Harper's Magazine,Harper's,1940,12,,112632,$0.40,,Harper & Brothers,,Lee Foster Hartman,,,,,,,,
Harper's Magazine,Harper's,1941,1,,110915,$0.40,,Harper & Brothers,,Lee Foster Hartman,,,,,,,,
Harper's Magazine,Harper's,1941,2,,115125,$0.40,,Harper & Brothers,,Lee Foster Hartman,,,,,,,,
Harper's Magazine,Harper's,1941,3,,109039,$0.40,,Harper & Brothers,,Lee Foster Hartman,,,,,,,,
Harper's Magazine,Harper's,1941,4,,118886,$0.40,,Harper & Brothers,,Lee Foster Hartman,,,,,,,,
Harper's Magazine,Harper's,1941,5,,101329,$0.40,,Harper & Brothers,,Lee Foster Hartman,,,,,,,,
Harper's Magazine,Harper's,1941,6,,95783,$0.40,,Harper & Brothers,,Lee Foster Hartman,,,,,,,,
Harper's Magazine,Harper's,1941,7,,94506,$0.40,,Harper & Brothers,,Lee Foster Hartman,,,,,,,,
Harper's Magazine,Harper's,1941,8,,99301,$0.40,,Harper & Brothers,,Lee Foster Hartman,,,,,,,,
Harper's Magazine,Harper's,1941,9,,105916,$0.40,,Harper & Brothers,,Lee Foster Hartman,,,,,,,,
Harper's Magazine,Harper's,1941,10,,106575,$0.40,,Harper & Brothers,,Lee Foster Hartman,,,,,,,,
Harper's Magazine,Harper's,1941,11,,112270,$0.40,,Harper & Brothers,,Frederick Lewis Allen,,,,,,,,
Harper's Magazine,Harper's,1941,12,,112730,$0.40,,Harper & Brothers,,Frederick Lewis Allen,,,,,,,,
Harper's Magazine,Harper's,1942,1,,116725,$0.40,,Harper & Brothers,,Frederick Lewis Allen,,,,,,,,
Harper's Magazine,Harper's,1942,2,,112254,$0.40,,Harper & Brothers,,Frederick Lewis Allen,,,,,,,,
Harper's Magazine,Harper's,1942,3,,110236,$0.40,,Harper & Brothers,,Frederick Lewis Allen,,,,,,,,
Harper's Magazine,Harper's,1942,4,,106974,$0.40,,Harper & Brothers,,Frederick Lewis Allen,,,,,,,,
Harper's Magazine,Harper's,1942,5,,100377,$0.40,,Harper & Brothers,,Frederick Lewis Allen,,,,,,,,
Harper's Magazine,Harper's,1942,6,,93833,$0.40,,Harper & Brothers,,Frederick Lewis Allen,,,,,,,,
Harper's Magazine,Harper's,1942,7,,93128,$0.40,,Harper & Brothers,,Frederick Lewis Allen,,,,,,,,
Harper's Magazine,Harper's,1942,8,,98636,$0.40,,Harper & Brothers,,Frederick Lewis Allen,,,,,,,,
Harper's Magazine,Harper's,1942,9,,107085,$0.40,,Harper & Brothers,,Frederick Lewis Allen,,,,,,,,
Harper's Magazine,Harper's,1942,10,,105142,$0.40,,Harper & Brothers,,Frederick Lewis Allen,,,,,,,,
Harper's Magazine,Harper's,1942,11,,110732,$0.40,,Harper & Brothers,,Frederick Lewis Allen,,,,,,,,
Harper's Magazine,Harper's,1942,12,,114909,$0.40,,Harper & Brothers,,Frederick Lewis Allen,,,,,,,,
Harper's Magazine,Harper's,1943,1,,116059,$0.40,,Harper & Brothers,,Frederick Lewis Allen,,,,,,,,
Harper's Magazine,Harper's,1943,2,,108052,$0.40,,Harper & Brothers,,Frederick Lewis Allen,,,,,,,,
Harper's Magazine,Harper's,1943,3,,104894,$0.40,,Harper & Brothers,,Frederick Lewis Allen,,,,,,,,
Harper's Magazine,Harper's,1943,4,,104465,$0.40,,Harper & Brothers,,Frederick Lewis Allen,,,,,,,,
Harper's Magazine,Harper's,1943,5,,102551,$0.40,,Harper & Brothers,,Frederick Lewis Allen,,,,,,,,
Harper's Magazine,Harper's,1943,6,,95640,$0.40,,Harper & Brothers,,Frederick Lewis Allen,,,,,,,,
Harper's Magazine,Harper's,1943,7,,97105,$0.40,,Harper & Brothers,,Frederick Lewis Allen,,,,,,,,
Harper's Magazine,Harper's,1943,8,,101602,$0.40,,Harper & Brothers,,Frederick Lewis Allen,,,,,,,,
Harper's Magazine,Harper's,1943,9,,107232,$0.40,,Harper & Brothers,,Frederick Lewis Allen,,,,,,,,
Harper's Magazine,Harper's,1943,10,,110018,$0.40,,Harper & Brothers,,Frederick Lewis Allen,,,,,,,,
Harper's Magazine,Harper's,1943,11,,112638,$0.40,,Harper & Brothers,,Frederick Lewis Allen,,,,,,,,
Harper's Magazine,Harper's,1943,12,,114459,$0.40,,Harper & Brothers,,Frederick Lewis Allen,,,,,,,,
Harper's Magazine,Harper's,1944,1,,121312,$0.40,,Harper & Brothers,,Frederick Lewis Allen,,,,,,,,
Harper's Magazine,Harper's,1944,2,,120023,$0.40,,Harper & Brothers,,Frederick Lewis Allen,,,,,,,,
Harper's Magazine,Harper's,1944,3,,115587,$0.40,,Harper & Brothers,,Frederick Lewis Allen,,,,,,,,
Harper's Magazine,Harper's,1944,4,,115864,$0.40,,Harper & Brothers,,Frederick Lewis Allen,,,,,,,,
Harper's Magazine,Harper's,1944,5,,109428,$0.40,,Harper & Brothers,,Frederick Lewis Allen,,,,,,,,
Harper's Magazine,Harper's,1944,6,,107982,$0.40,,Harper & Brothers,,Frederick Lewis Allen,,,,,,,,
Harper's Magazine,Harper's,1944,7,,110354,$0.40,,Harper & Brothers,,Frederick Lewis Allen,,,,,,,,
Harper's Magazine,Harper's,1944,8,,111287,$0.40,,Harper & Brothers,,Frederick Lewis Allen,,,,,,,,
Harper's Magazine,Harper's,1944,9,,108921,$0.40,,Harper & Brothers,,Frederick Lewis Allen,,,,,,,,
Harper's Magazine,Harper's,1944,10,,109325,$0.40,,Harper & Brothers,,Frederick Lewis Allen,,,,,,,,
Harper's Magazine,Harper's,1944,11,,112843,$0.40,,Harper & Brothers,,Frederick Lewis Allen,,,,,,,,
Harper's Magazine,Harper's,1944,12,,112198,$0.40,,Harper & Brothers,,Frederick Lewis Allen,,,,,,,,
Harper's Magazine,Harper's,1945,1,,115492,$0.40,,Harper & Brothers,,Frederick Lewis Allen,,,,,,,,
Harper's Magazine,Harper's,1945,2,,114909,$0.40,,Harper & Brothers,,Frederick Lewis Allen,,,,,,,,
Harper's Magazine,Harper's,1945,3,,114777,$0.40,,Harper & Brothers,,Frederick Lewis Allen,,,,,,,,
Harper's Magazine,Harper's,1945,4,,115990,$0.40,,Harper & Brothers,,Frederick Lewis Allen,,,,,,,,
Harper's Magazine,Harper's,1945,5,,113719,$0.40,,Harper & Brothers,,Frederick Lewis Allen,,,,,,,,
Harper's Magazine,Harper's,1945,6,,111875,$0.40,,Harper & Brothers,,Frederick Lewis Allen,,,,,,,,
Harper's Magazine,Harper's,1945,7,,115300,$0.40,,Harper & Brothers,,Frederick Lewis Allen,,,,,,,,
Harper's Magazine,Harper's,1945,8,,116620,$0.40,,Harper & Brothers,,Frederick Lewis Allen,,,,,,,,
Harper's Magazine,Harper's,1945,9,,124314,$0.40,,Harper & Brothers,,Frederick Lewis Allen,,,,,,,,
Harper's Magazine,Harper's,1945,10,,128678,$0.40,,Harper & Brothers,,Frederick Lewis Allen,,,,,,,,
Harper's Magazine,Harper's,1945,11,,134413,$0.40,,Harper & Brothers,,Frederick Lewis Allen,,,,,,,,
Harper's Magazine,Harper's,1945,12,,144875,$0.40,,Harper & Brothers,,Frederick Lewis Allen,,,,,,,,
Harper's Magazine,Harper's,1946,1,,139105,$0.40,,Harper & Brothers,,Frederick Lewis Allen,,,,,,,,
Harper's Magazine,Harper's,1946,2,,133118,$0.40,,Harper & Brothers,,Frederick Lewis Allen,,,,,,,,
Harper's Magazine,Harper's,1946,3,,135879,$0.40,,Harper & Brothers,,Frederick Lewis Allen,,,,,,,,
Harper's Magazine,Harper's,1946,4,,139746,$0.40,,Harper & Brothers,,Frederick Lewis Allen,,,,,,,,
Harper's Magazine,Harper's,1946,5,,140378,$0.40,,Harper & Brothers,,Frederick Lewis Allen,,,,,,,,
Harper's Magazine,Harper's,1946,6,,138233,$0.40,,Harper & Brothers,,Frederick Lewis Allen,,,,,,,,
Harper's Magazine,Harper's,1946,7,,151793,$0.40,,Harper & Brothers,,Frederick Lewis Allen,,,,,,,,
Harper's Magazine,Harper's,1946,8,,153842,$0.40,,Harper & Brothers,,Frederick Lewis Allen,,,,,,,,
Harper's Magazine,Harper's,1946,9,,151088,$0.40,,Harper & Brothers,,Frederick Lewis Allen,,,,,,,,
Harper's Magazine,Harper's,1946,10,,151500,$0.40,,Harper & Brothers,,Frederick Lewis Allen,,,,,,,,
Harper's Magazine,Harper's,1946,11,,155581,$0.40,,Harper & Brothers,,Frederick Lewis Allen,,,,,,,,
Harper's Magazine,Harper's,1946,12,,158370,$0.40,,Harper & Brothers,,Frederick Lewis Allen,,,,,,,,
Harper's Magazine,Harper's,1947,1,,144133,$0.40,,Harper & Brothers,,Frederick Lewis Allen,,,,,,,,
Harper's Magazine,Harper's,1947,2,,149708,$0.40,,Harper & Brothers,,Frederick Lewis Allen,,,,,,,,
Harper's Magazine,Harper's,1947,3,,147196,$0.40,,Harper & Brothers,,Frederick Lewis Allen,,,,,,,,
Harper's Magazine,Harper's,1947,4,,149985,$0.40,,Harper & Brothers,,Frederick Lewis Allen,,,,,,,,
Harper's Magazine,Harper's,1947,5,,143425,$0.40,,Harper & Brothers,,Frederick Lewis Allen,,,,,,,,
Harper's Magazine,Harper's,1947,6,,136620,$0.40,,Harper & Brothers,,Frederick Lewis Allen,,,,,,,,
Harper's Magazine,Harper's,1947,7,,130296,$0.40,,Harper & Brothers,,Frederick Lewis Allen,,,,,,,,
Harper's Magazine,Harper's,1947,8,,128046,$0.40,,Harper & Brothers,,Frederick Lewis Allen,,,,,,,,
Harper's Magazine,Harper's,1947,9,,134589,$0.40,,Harper & Brothers,,Frederick Lewis Allen,,,,,,,,
Harper's Magazine,Harper's,1947,10,,134557,$0.40,,Harper & Brothers,,Frederick Lewis Allen,,,,,,,,
Harper's Magazine,Harper's,1947,11,,138863,$0.50,,Harper & Brothers,,Frederick Lewis Allen,,,,,,,,
Harper's Magazine,Harper's,1947,12,,144282,$0.50,,Harper & Brothers,,Frederick Lewis Allen,,,,,,,,
Harper's Magazine,Harper's,1948,1,,135121,$0.50,,Harper & Brothers,,Frederick Lewis Allen,,,,,,,,
Harper's Magazine,Harper's,1948,2,,134854,$0.50,,Harper & Brothers,,Frederick Lewis Allen,,,,,,,,
Harper's Magazine,Harper's,1948,3,,139791,$0.50,,Harper & Brothers,,Frederick Lewis Allen,,,,,,,,
Harper's Magazine,Harper's,1948,4,,138963,$0.50,,Harper & Brothers,,Frederick Lewis Allen,,,,,,,,
Harper's Magazine,Harper's,1948,5,,140818,$0.50,,Harper & Brothers,,Frederick Lewis Allen,,,,,,,,
Harper's Magazine,Harper's,1948,6,,132360,$0.50,,Harper & Brothers,,Frederick Lewis Allen,,,,,,,,
Harper's Magazine,Harper's,1948,7,,131612,$0.50,,Harper & Brothers,,Frederick Lewis Allen,,,,,,,,
Harper's Magazine,Harper's,1948,8,,148733,$0.50,,Harper & Brothers,,Frederick Lewis Allen,,,,,,,,
Harper's Magazine,Harper's,1948,9,,148075,$0.50,,Harper & Brothers,,Frederick Lewis Allen,,,,,,,,
Harper's Magazine,Harper's,1948,10,,144626,$0.50,,Harper & Brothers,,Frederick Lewis Allen,,,,,,,,
Harper's Magazine,Harper's,1948,11,,158991,$0.50,,Harper & Brothers,,Frederick Lewis Allen,,,,,,,,
Harper's Magazine,Harper's,1948,12,,157645,$0.50,,Harper & Brothers,,Frederick Lewis Allen,,,,,,,,
Harper's Magazine,Harper's,1949,1,,155887,$0.50,,Harper & Brothers,,Frederick Lewis Allen,,,,,,,,
Harper's Magazine,Harper's,1949,2,,155881,$0.50,,Harper & Brothers,,Frederick Lewis Allen,,,,,,,,
Harper's Magazine,Harper's,1949,3,,155476,$0.50,,Harper & Brothers,,Frederick Lewis Allen,,,,,,,,
Harper's Magazine,Harper's,1949,4,,157768,$0.50,,Harper & Brothers,,Frederick Lewis Allen,,,,,,,,
Harper's Magazine,Harper's,1949,5,,149345,$0.50,,Harper & Brothers,,Frederick Lewis Allen,,,,,,,,
Harper's Magazine,Harper's,1949,6,,144955,$0.50,,Harper & Brothers,,Frederick Lewis Allen,,,,,,,,
Harper's Magazine,Harper's,1949,7,,143748,$0.50,,Harper & Brothers,,Frederick Lewis Allen,,,,,,,,
Harper's Magazine,Harper's,1949,8,,146577,$0.50,,Harper & Brothers,,Frederick Lewis Allen,,,,,,,,
Harper's Magazine,Harper's,1949,9,,143429,$0.50,,Harper & Brothers,,Frederick Lewis Allen,,,,,,,,
Harper's Magazine,Harper's,1949,10,,158235,$0.50,,Harper & Brothers,,Frederick Lewis Allen,,,,,,,,
Harper's Magazine,Harper's,1949,11,,165540,$0.50,,Harper & Brothers,,Frederick Lewis Allen,,,,,,,,
Harper's Magazine,Harper's,1949,12,,155974,$0.50,,Harper & Brothers,,Frederick Lewis Allen,,,,,,,,
Harper's Magazine,Harper's,1950,1,,173580,$0.50,,Harper & Brothers,,Frederick Lewis Allen,,,,,,,,
Harper's Magazine,Harper's,1950,2,,157582,$0.50,,Harper & Brothers,,Frederick Lewis Allen,,,,,,,,
Harper's Magazine,Harper's,1950,3,,161415,$0.50,,Harper & Brothers,,Frederick Lewis Allen,,,,,,,,
Harper's Magazine,Harper's,1950,4,,159055,$0.50,,Harper & Brothers,,Frederick Lewis Allen,,,,,,,,
Harper's Magazine,Harper's,1950,5,,156310,$0.50,,Harper & Brothers,,Frederick Lewis Allen,,,,,,,,
Harper's Magazine,Harper's,1950,6,,148200,$0.50,,Harper & Brothers,,Frederick Lewis Allen,,,,,,,,
Harper's Magazine,Harper's,1950,7,,144466,$0.50,,Harper & Brothers,,Frederick Lewis Allen,,,,,,,,
Harper's Magazine,Harper's,1950,8,,142234,$0.50,,Harper & Brothers,,Frederick Lewis Allen,,,,,,,,
Harper's Magazine,Harper's,1950,9,,144260,$0.50,,Harper & Brothers,,Frederick Lewis Allen,,,,,,,,
Harper's Magazine,Harper's,1950,10,,239279,$0.50,,Harper & Brothers,,Frederick Lewis Allen,,,,,,,,
Harper's Magazine,Harper's,1950,11,,167045,$0.50,,Harper & Brothers,,Frederick Lewis Allen,,,,,,,,
Harper's Magazine,Harper's,1950,12,,157606,$0.50,,Harper & Brothers,,Frederick Lewis Allen,,,,,,,,
Harper's Magazine,Harper's,1951,1,,158016,$0.50,,Harper & Brothers,,Frederick Lewis Allen,,,,,,,,
Harper's Magazine,Harper's,1951,2,,154881,$0.50,,Harper & Brothers,,Frederick Lewis Allen,,,,,,,,
Harper's Magazine,Harper's,1951,3,,152732,$0.50,,Harper & Brothers,,Frederick Lewis Allen,,,,,,,,
Harper's Magazine,Harper's,1951,4,,144231,$0.50,,Harper & Brothers,,Frederick Lewis Allen,,,,,,,,
Harper's Magazine,Harper's,1951,5,,142095,$0.50,,Harper & Brothers,,Frederick Lewis Allen,,,,,,,,
Harper's Magazine,Harper's,1951,6,,134638,$0.50,,Harper & Brothers,,Frederick Lewis Allen,,,,,,,,
Harper's Magazine,Harper's,1951,7,,143936,$0.50,,Harper & Brothers,,Frederick Lewis Allen,,,,,,,,
Harper's Magazine,Harper's,1951,8,,141681,$0.50,,Harper & Brothers,,Frederick Lewis Allen,,,,,,,,
Harper's Magazine,Harper's,1951,9,,145547,$0.50,,Harper & Brothers,,Frederick Lewis Allen,,,,,,,,
Harper's Magazine,Harper's,1951,10,,154249,$0.50,,Harper & Brothers,,Frederick Lewis Allen,,,,,,,,
Harper's Magazine,Harper's,1951,11,,156989,$0.50,,Harper & Brothers,,Frederick Lewis Allen,,,,,,,,
Harper's Magazine,Harper's,1951,12,,157890,$0.50,,Harper & Brothers,,Frederick Lewis Allen,,,,,,,,
Harper's Magazine,Harper's,1952,1,,147528,$0.50,,Harper & Brothers,,Frederick Lewis Allen,,,,,,,,
Harper's Magazine,Harper's,1952,2,,154514,$0.50,,Harper & Brothers,,Frederick Lewis Allen,,,,,,,,
Harper's Magazine,Harper's,1952,3,,150488,$0.50,,Harper & Brothers,,Frederick Lewis Allen,,,,,,,,
Harper's Magazine,Harper's,1952,4,,152909,$0.50,,Harper & Brothers,,Frederick Lewis Allen,,,,,,,,
Harper's Magazine,Harper's,1952,5,,149669,$0.50,,Harper & Brothers,,Frederick Lewis Allen,,,,,,,,
Harper's Magazine,Harper's,1952,6,,146058,$0.50,,Harper & Brothers,,Frederick Lewis Allen,,,,,,,,
Harper's Magazine,Harper's,1952,7,,144824,$0.50,,Harper & Brothers,,Frederick Lewis Allen,,,,,,,,
Harper's Magazine,Harper's,1952,8,,144622,$0.50,,Harper & Brothers,,Frederick Lewis Allen,,,,,,,,
Harper's Magazine,Harper's,1952,9,,148553,$0.50,,Harper & Brothers,,Frederick Lewis Allen,,,,,,,,
Harper's Magazine,Harper's,1952,10,,158211,$0.50,,Harper & Brothers,,Frederick Lewis Allen,,,,,,,,
Harper's Magazine,Harper's,1952,11,,149074,$0.50,,Harper & Brothers,,Frederick Lewis Allen,,,,,,,,
Harper's Magazine,Harper's,1952,12,,148847,$0.50,,Harper & Brothers,,Frederick Lewis Allen,,,,,,,,
Harper's Magazine,Harper's,1953,1,,150205,$0.50,,Harper & Brothers,,Frederick Lewis Allen,,,,,,,,
Harper's Magazine,Harper's,1953,2,,160267,$0.50,,Harper & Brothers,,Frederick Lewis Allen,,,,,,,,
Harper's Magazine,Harper's,1953,3,,157282,$0.50,,Harper & Brothers,,Frederick Lewis Allen,,,,,,,,
Harper's Magazine,Harper's,1953,4,,161171,$0.50,,Harper & Brothers,,Frederick Lewis Allen,,,,,,,,
Harper's Magazine,Harper's,1953,5,,153620,$0.50,,Harper & Brothers,,Frederick Lewis Allen,,,,,,,,
Harper's Magazine,Harper's,1953,6,,152706,$0.50,,Harper & Brothers,,Frederick Lewis Allen,,,,,,,,
Harper's Magazine,Harper's,1953,7,,146366,$0.50,,Harper & Brothers,,Frederick Lewis Allen,,,,,,,,
Harper's Magazine,Harper's,1953,8,,147385,$0.50,,Harper & Brothers,,Frederick Lewis Allen,,,,,,,,
Harper's Magazine,Harper's,1953,9,,163405,$0.50,,Harper & Brothers,,Frederick Lewis Allen,,,,,,,,
Harper's Magazine,Harper's,1953,10,,160175,$0.50,,Harper & Brothers,,Frederick Lewis Allen,,,,,,,,
Harper's Magazine,Harper's,1953,11,,156880,$0.50,,Harper & Brothers,,Frederick Lewis Allen,,,,,,,,
Harper's Magazine,Harper's,1953,12,,159337,$0.50,,Harper & Brothers,,John Fischer,,,,,,,,
Harper's Magazine,Harper's,1954,1,,153935,$0.50,,Harper & Brothers,,John Fischer,,,,,,,,
Harper's Magazine,Harper's,1954,2,,159409,$0.50,,Harper & Brothers,,John Fischer,,,,,,,,
Harper's Magazine,Harper's,1954,3,,169501,$0.50,,Harper & Brothers,,John Fischer,,,,,,,,
Harper's Magazine,Harper's,1954,4,,170992,$0.50,,Harper & Brothers,,John Fischer,,,,,,,,
Harper's Magazine,Harper's,1954,5,,164936,$0.50,,Harper & Brothers,,John Fischer,,,,,,,,
Harper's Magazine,Harper's,1954,6,,162149,$0.50,,Harper & Brothers,,John Fischer,,,,,,,,
Harper's Magazine,Harper's,1954,7,,166932,$0.50,,Harper & Brothers,,John Fischer,,,,,,,,
Harper's Magazine,Harper's,1954,8,,168668,$0.50,,Harper & Brothers,,John Fischer,,,,,,,,
Harper's Magazine,Harper's,1954,9,,169825,$0.50,,Harper & Brothers,,John Fischer,,,,,,,,
Harper's Magazine,Harper's,1954,10,,189760,$0.50,,Harper & Brothers,,John Fischer,,,,,,,,
Harper's Magazine,Harper's,1954,11,,181155,$0.50,,Harper & Brothers,,John Fischer,,,,,,,,
Harper's Magazine,Harper's,1954,12,,179663,$0.50,,Harper & Brothers,,John Fischer,,,,,,,,
Harper's Magazine,Harper's,1955,1,,189767,$0.50,,Harper & Brothers,,John Fischer,,,,,,,,
Harper's Magazine,Harper's,1955,2,,190643,$0.50,,Harper & Brothers,,John Fischer,,,,,,,,
Harper's Magazine,Harper's,1955,3,,197586,$0.50,,Harper & Brothers,,John Fischer,,,,,,,,
Harper's Magazine,Harper's,1955,4,,199043,$0.50,,Harper & Brothers,,John Fischer,,,,,,,,
Harper's Magazine,Harper's,1955,5,,192770,$0.50,,Harper & Brothers,,John Fischer,,,,,,,,
Harper's Magazine,Harper's,1955,6,,180243,$0.50,,Harper & Brothers,,John Fischer,,,,,,,,
Harper's Magazine,Harper's,1955,7,,186578,$0.50,,Harper & Brothers,,John Fischer,,,,,,,,
Harper's Magazine,Harper's,1955,8,,190762,$0.50,,Harper & Brothers,,John Fischer,,,,,,,,
Harper's Magazine,Harper's,1955,9,,200532,$0.50,,Harper & Brothers,,John Fischer,,,,,,,,
Harper's Magazine,Harper's,1955,10,,193024,$0.50,,Harper & Brothers,,John Fischer,,,,,,,,
Harper's Magazine,Harper's,1955,11,,190422,$0.50,,Harper & Brothers,,John Fischer,,,,,,,,
Harper's Magazine,Harper's,1955,12,,185279,$0.50,,Harper & Brothers,,John Fischer,,,,,,,,
Harper's Magazine,Harper's,1956,1,,199581,$0.50,,Harper & Brothers,,John Fischer,,,,,,,,
Harper's Magazine,Harper's,1956,2,,185570,$0.50,,Harper & Brothers,,John Fischer,,,,,,,,
Harper's Magazine,Harper's,1956,3,,182418,$0.50,,Harper & Brothers,,John Fischer,,,,,,,,
Harper's Magazine,Harper's,1956,4,,173083,$0.50,,Harper & Brothers,,John Fischer,,,,,,,,
Harper's Magazine,Harper's,1956,5,,173012,$0.50,,Harper & Brothers,,John Fischer,,,,,,,,
Harper's Magazine,Harper's,1956,6,,171107,$0.50,,Harper & Brothers,,John Fischer,,,,,,,,
Harper's Magazine,Harper's,1956,7,,166732,$0.50,,Harper & Brothers,,John Fischer,,,,,,,,
Harper's Magazine,Harper's,1956,8,,174022,$0.50,,Harper & Brothers,,John Fischer,,,,,,,,
Harper's Magazine,Harper's,1956,9,,184374,$0.50,,Harper & Brothers,,John Fischer,,,,,,,,
Harper's Magazine,Harper's,1956,10,,178026,$0.50,,Harper & Brothers,,John Fischer,,,,,,,,
Harper's Magazine,Harper's,1956,11,,183801,$0.50,,Harper & Brothers,,John Fischer,,,,,,,,
Harper's Magazine,Harper's,1956,12,,183739,$0.50,,Harper & Brothers,,John Fischer,,,,,,,,
Harper's Magazine,Harper's,1957,1,,184108,$0.50,,Harper & Brothers,,John Fischer,,,,,,,,
Harper's Magazine,Harper's,1957,2,,181282,$0.50,,Harper & Brothers,,John Fischer,,,,,,,,
Harper's Magazine,Harper's,1957,3,,196581,$0.50,,Harper & Brothers,,John Fischer,,,,,,,,
Harper's Magazine,Harper's,1957,4,,177107,$0.50,,Harper & Brothers,,John Fischer,,,,,,,,
Harper's Magazine,Harper's,1957,5,,185492,$0.50,,Harper & Brothers,,John Fischer,,,,,,,,
Harper's Magazine,Harper's,1957,6,,182012,$0.50,,Harper & Brothers,,John Fischer,,,,,,,,
Harper's Magazine,Harper's,1957,7,,183786,$0.50,,Harper & Brothers,,John Fischer,,,,,,,,
Harper's Magazine,Harper's,1957,8,,190430,$0.50,,Harper & Brothers,,John Fischer,,,,,,,,
Harper's Magazine,Harper's,1957,9,,189504,$0.50,,Harper & Brothers,,John Fischer,,,,,,,,
Harper's Magazine,Harper's,1957,10,,193998,$0.50,,Harper & Brothers,,John Fischer,,,,,,,,
Harper's Magazine,Harper's,1957,11,,177117,$0.60,,Harper & Brothers,,John Fischer,,,,,,,,
Harper's Magazine,Harper's,1957,12,,179276,$0.60,,Harper & Brothers,,John Fischer,,,,,,,,
Harper's Magazine,Harper's,1958,1,,198722,$0.60,,Harper & Brothers,,John Fischer,,,,,,,,
Harper's Magazine,Harper's,1958,2,,199607,$0.60,,Harper & Brothers,,John Fischer,,,,,,,,
Harper's Magazine,Harper's,1958,3,,190617,$0.60,,Harper & Brothers,,John Fischer,,,,,,,,
Harper's Magazine,Harper's,1958,4,,186714,$0.60,,Harper & Brothers,,John Fischer,,,,,,,,
Harper's Magazine,Harper's,1958,5,,177915,$0.60,,Harper & Brothers,,John Fischer,,,,,,,,
Harper's Magazine,Harper's,1958,6,,179548,$0.60,,Harper & Brothers,,John Fischer,,,,,,,,
Harper's Magazine,Harper's,1958,7,,174238,$0.60,,Harper & Brothers,,John Fischer,,,,,,,,
Harper's Magazine,Harper's,1958,8,,186867,$0.60,,Harper & Brothers,,John Fischer,,,,,,,,
Harper's Magazine,Harper's,1958,9,,191147,$0.60,,Harper & Brothers,,John Fischer,,,,,,,,
Harper's Magazine,Harper's,1958,10,,193359,$0.60,,Harper & Brothers,,John Fischer,,,,,,,,
Harper's Magazine,Harper's,1958,11,,202462,$0.60,,Harper & Brothers,,John Fischer,,,,,,,,
Harper's Magazine,Harper's,1958,12,,197141,$0.60,,Harper & Brothers,,John Fischer,,,,,,,,
Harper's Magazine,Harper's,1959,1,,192549,$0.60,,Harper & Brothers,,John Fischer,,,,,,,,
Harper's Magazine,Harper's,1959,2,,222222,$0.60,,Harper & Brothers,,John Fischer,,,,,,,,
Harper's Magazine,Harper's,1959,3,,220215,$0.60,,Harper & Brothers,,John Fischer,,,,,,,,
Harper's Magazine,Harper's,1959,4,,215603,$0.60,,Harper & Brothers,,John Fischer,,,,,,,,
Harper's Magazine,Harper's,1959,5,,216775,$0.60,,Harper & Brothers,,John Fischer,,,,,,,,
Harper's Magazine,Harper's,1959,6,,298248,$0.60,,Harper & Brothers,,John Fischer,,,,,,,,
Harper's Magazine,Harper's,1959,7,,209258,$0.60,,Harper & Brothers,,John Fischer,,,,,,,,
Harper's Magazine,Harper's,1959,8,,213554,$0.60,,Harper & Brothers,,John Fischer,,,,,,,,
Harper's Magazine,Harper's,1959,9,,230907,$0.60,,Harper & Brothers,,John Fischer,,,,,,,,
Harper's Magazine,Harper's,1959,10,,267626,$0.60,,Harper & Brothers,,John Fischer,,,,,,,,
Harper's Magazine,Harper's,1959,11,,238912,$0.60,,Harper & Brothers,,John Fischer,,,,,,,,
Harper's Magazine,Harper's,1959,12,,234889,$0.60,,Harper & Brothers,,John Fischer,,,,,,,,
Harper's Magazine,Harper's,1960,1,,236930,$0.60,,Harper & Brothers,,John Fischer,,,,,,,,
Harper's Magazine,Harper's,1960,2,,225918,$0.60,,Harper & Brothers,,John Fischer,,,,,,,,
Harper's Magazine,Harper's,1960,3,,249686,$0.60,,Harper & Brothers,,John Fischer,,,,,,,,
Harper's Magazine,Harper's,1960,4,,266566,$0.60,,Harper & Brothers,,John Fischer,,,,,,,,
Harper's Magazine,Harper's,1960,5,,229972,$0.60,,Harper & Brothers,,John Fischer,,,,,,,,
Harper's Magazine,Harper's,1960,6,,222248,$0.60,,Harper & Brothers,,John Fischer,,,,,,,,
Harper's Magazine,Harper's,1960,7,,202360,$0.60,,Harper & Brothers,,John Fischer,,,,,,,,
Harper's Magazine,Harper's,1960,8,,223559,$0.60,,Harper & Brothers,,John Fischer,,,,,,,,
Harper's Magazine,Harper's,1960,9,,234509,$0.60,,Harper & Brothers,,John Fischer,,,,,,,,
Harper's Magazine,Harper's,1960,10,,274107,$0.60,,Harper & Brothers,,John Fischer,,,,,,,,
Harper's Magazine,Harper's,1960,11,,246439,$0.60,,Harper & Brothers,,John Fischer,,,,,,,,
Harper's Magazine,Harper's,1960,12,,247910,$0.60,,Harper & Brothers,,John Fischer,,,,,,,,
Harper's Magazine,Harper's,1961,1,,241242,$0.60,,Harper & Brothers,,John Fischer,,,,,,,,
Harper's Magazine,Harper's,1961,2,,257287,$0.60,,Harper & Brothers,,John Fischer,,,,,,,,
Harper's Magazine,Harper's,1961,3,,263200,$0.60,,Harper & Brothers,,John Fischer,,,,,,,,
Harper's Magazine,Harper's,1961,4,,255996,$0.60,,Harper & Brothers,,John Fischer,,,,,,,,
Harper's Magazine,Harper's,1961,5,,264809,$0.60,,Harper & Brothers,,John Fischer,,,,,,,,
Harper's Magazine,Harper's,1961,6,,256847,$0.60,,Harper & Brothers,,John Fischer,,,,,,,,
Harper's Magazine,Harper's,1961,7,,258725,$0.60,,Harper & Brothers,,John Fischer,,,,,,,,
Harper's Magazine,Harper's,1961,8,,254305,$0.60,,Harper & Brothers,,John Fischer,,,,,,,,
Harper's Magazine,Harper's,1961,9,,268317,$0.60,,Harper & Brothers,,John Fischer,,,,,,,,
Harper's Magazine,Harper's,1961,10,,316510,$0.60,,Harper & Brothers,,John Fischer,,,,,,,,
Harper's Magazine,Harper's,1961,11,,281071,$0.60,,Harper & Brothers,,John Fischer,,,,,,,,
Harper's Magazine,Harper's,1961,12,,283671,$0.60,,Harper & Brothers,,John Fischer,,,,,,,,
Harper's Magazine,Harper's,1962,1,,288699,$0.60,,"Harper & Row Publishers, Inc.",,John Fischer,,,,,,,,
Harper's Magazine,Harper's,1962,2,,291638,$0.60,,"Harper & Row Publishers, Inc.",,John Fischer,,,,,,,,
Harper's Magazine,Harper's,1962,3,,299973,$0.60,,"Harper & Row Publishers, Inc.",,John Fischer,,,,,,,,
Harper's Magazine,Harper's,1962,4,,313153,$0.60,,"Harper & Row Publishers, Inc.",,John Fischer,,,,,,,,
Harper's Magazine,Harper's,1962,5,,286082,$0.60,,"Harper & Row Publishers, Inc.",,John Fischer,,,,,,,,
Harper's Magazine,Harper's,1962,6,,268786,$0.60,,"Harper & Row Publishers, Inc.",,John Fischer,,,,,,,,
Harper's Magazine,Harper's,1962,7,,263601,$0.60,,"Harper & Row Publishers, Inc.",,John Fischer,,,,,,,,
Harper's Magazine,Harper's,1962,8,,272779,$0.60,,"Harper & Row Publishers, Inc.",,John Fischer,,,,,,,,
Harper's Magazine,Harper's,1962,9,,269244,$0.60,,"Harper & Row Publishers, Inc.",,John Fischer,,,,,,,,
Harper's Magazine,Harper's,1962,10,,326085,$0.60,,"Harper & Row Publishers, Inc.",,John Fischer,,,,,,,,
Harper's Magazine,Harper's,1962,11,,278416,$0.60,,"Harper & Row Publishers, Inc.",,John Fischer,,,,,,,,
Harper's Magazine,Harper's,1962,12,,279582,$0.60,,"Harper & Row Publishers, Inc.",,John Fischer,,,,,,,,
Harper's Magazine,Harper's,1963,1,,260692,$0.60,,"Harper & Row Publishers, Inc.",,John Fischer,,,,,,,,
Harper's Magazine,Harper's,1963,2,,281963,$0.60,,"Harper & Row Publishers, Inc.",,John Fischer,,,,,,,,
Harper's Magazine,Harper's,1963,3,,279820,$0.60,,"Harper & Row Publishers, Inc.",,John Fischer,,,,,,,,
Harper's Magazine,Harper's,1963,4,,303917,$0.60,,"Harper & Row Publishers, Inc.",,John Fischer,,,,,,,,
Harper's Magazine,Harper's,1963,5,,264789,$0.60,,"Harper & Row Publishers, Inc.",,John Fischer,,,,,,,,
Harper's Magazine,Harper's,1963,6,,254108,$0.60,,"Harper & Row Publishers, Inc.",,John Fischer,,,,,,,,
Harper's Magazine,Harper's,1963,7,,245300,$0.60,,"Harper & Row Publishers, Inc.",,John Fischer,,,,,,,,
Harper's Magazine,Harper's,1963,8,,251598,$0.60,,"Harper & Row Publishers, Inc.",,John Fischer,,,,,,,,
Harper's Magazine,Harper's,1963,9,,266989,$0.60,,"Harper & Row Publishers, Inc.",,John Fischer,,,,,,,,
Harper's Magazine,Harper's,1963,10,,274978,$0.60,,"Harper & Row Publishers, Inc.",,John Fischer,,,,,,,,
Harper's Magazine,Harper's,1963,11,,277665,$0.60,,"Harper & Row Publishers, Inc.",,John Fischer,,,,,,,,
Harper's Magazine,Harper's,1963,12,,277328,$0.60,,"Harper & Row Publishers, Inc.",,John Fischer,,,,,,,,
Harper's Magazine,Harper's,1964,1,,279962,$0.60,,"Harper & Row Publishers, Inc.",,John Fischer,,,,,,,,
Harper's Magazine,Harper's,1964,2,,294182,$0.60,,"Harper & Row Publishers, Inc.",,John Fischer,,,,,,,,
Harper's Magazine,Harper's,1964,3,,285427,$0.60,,"Harper & Row Publishers, Inc.",,John Fischer,,,,,,,,
Harper's Magazine,Harper's,1964,4,,289032,$0.60,,"Harper & Row Publishers, Inc.",,John Fischer,,,,,,,,
Harper's Magazine,Harper's,1964,5,,265539,$0.60,,"Harper & Row Publishers, Inc.",,John Fischer,,,,,,,,
Harper's Magazine,Harper's,1964,6,,259600,$0.60,,"Harper & Row Publishers, Inc.",,John Fischer,,,,,,,,
Harper's Magazine,Harper's,1964,7,,253529,$0.60,,"Harper & Row Publishers, Inc.",,John Fischer,,,,,,,,
Harper's Magazine,Harper's,1964,8,,272113,$0.60,,"Harper & Row Publishers, Inc.",,John Fischer,,,,,,,,
Harper's Magazine,Harper's,1964,9,,297305,$0.60,,"Harper & Row Publishers, Inc.",,John Fischer,,,,,,,,
Harper's Magazine,Harper's,1964,10,,291374,$0.60,,"Harper & Row Publishers, Inc.",,John Fischer,,,,,,,,
Harper's Magazine,Harper's,1964,11,,287175,$0.60,,"Harper & Row Publishers, Inc.",,John Fischer,,,,,,,,
Harper's Magazine,Harper's,1964,12,,284428,$0.60,,"Harper & Row Publishers, Inc.",,John Fischer,,,,,,,,
Harper's Magazine,Harper's,1965,1,,277092,$0.75,,"Harper's Magazine, Inc.",,John Fischer,,,,,,,,
Harper's Magazine,Harper's,1965,2,,289704,$0.75,,"Harper's Magazine, Inc.",,John Fischer,,,,,,,,
Harper's Magazine,Harper's,1965,3,,291917,$0.75,,"Harper's Magazine, Inc.",,John Fischer,,,,,,,,
Harper's Magazine,Harper's,1965,4,,321040,$0.75,,"Harper's Magazine, Inc.",,John Fischer,,,,,,,,
Harper's Magazine,Harper's,1965,5,,287872,$0.75,,"Harper's Magazine, Inc.",,John Fischer,,,,,,,,
Harper's Magazine,Harper's,1965,6,,271820,$0.75,,"Harper's Magazine, Inc.",,John Fischer,,,,,,,,
Harper's Magazine,Harper's,1965,7,,268965,$0.75,,"Harper's Magazine, Inc.",,John Fischer,,,,,,,,
Harper's Magazine,Harper's,1965,8,,276152,$0.75,,"Harper's Magazine, Inc.",,John Fischer,,,,,,,,
Harper's Magazine,Harper's,1965,9,,281300,$0.75,,"Harper's Magazine, Inc.",,John Fischer,,,,,,,,
Harper's Magazine,Harper's,1965,10,,293967,$0.75,,"Harper's Magazine, Inc.",,John Fischer,,,,,,,,
Harper's Magazine,Harper's,1965,11,,293307,$0.75,,"Harper's Magazine, Inc.",,John Fischer,,,,,,,,
Harper's Magazine,Harper's,1965,12,,287913,$0.75,,"Harper's Magazine, Inc.",,John Fischer,,,,,,,,
Harper's Magazine,Harper's,1966,1,,273188,$0.75,,"Harper's Magazine, Inc.",,John Fischer,,,,,,,,
Harper's Magazine,Harper's,1966,2,,283498,$0.75,,"Harper's Magazine, Inc.",,John Fischer,,,,,,,,
Harper's Magazine,Harper's,1966,3,,290767,$0.75,,"Harper's Magazine, Inc.",,John Fischer,,,,,,,,
Harper's Magazine,Harper's,1966,4,,274513,$0.75,,"Harper's Magazine, Inc.",,John Fischer,,,,,,,,
Harper's Magazine,Harper's,1966,5,,284593,$0.75,,"Harper's Magazine, Inc.",,John Fischer,,,,,,,,
Harper's Magazine,Harper's,1966,6,,269134,$0.75,,"Harper's Magazine, Inc.",,John Fischer,,,,,,,,
Harper's Magazine,Harper's,1966,7,,270381,$0.75,,"Harper's Magazine, Inc.",,John Fischer,,,,,,,,
Harper's Magazine,Harper's,1966,8,,277449,$0.75,,"Harper's Magazine, Inc.",,John Fischer,,,,,,,,
Harper's Magazine,Harper's,1966,9,,262723,$0.75,,"Harper's Magazine, Inc.",,John Fischer,,,,,,,,
Harper's Magazine,Harper's,1966,10,,275326,$0.75,,"Harper's Magazine, Inc.",,John Fischer,,,,,,,,
Harper's Magazine,Harper's,1966,11,,286965,$0.75,,"Harper's Magazine, Inc.",,John Fischer,,,,,,,,
Harper's Magazine,Harper's,1966,12,,286984,$0.75,,"Harper's Magazine, Inc.",,John Fischer,,,,,,,,
Harper's Magazine,Harper's,1967,1,,266098,$0.75,,"Harper's Magazine, Inc.",,John Fischer,,,,,,,,
Harper's Magazine,Harper's,1967,2,,287931,$0.75,,"Harper's Magazine, Inc.",,John Fischer,,,,,,,,
Harper's Magazine,Harper's,1967,3,,279764,$0.75,,"Harper's Magazine, Inc.",,John Fischer,,,,,,,,
Harper's Magazine,Harper's,1967,4,,283867,$0.75,,"Harper's Magazine, Inc.",,John Fischer,,,,,,,,
Harper's Magazine,Harper's,1967,5,,273726,$0.75,,"Harper's Magazine, Inc.",,John Fischer,,,,,,,,
Harper's Magazine,Harper's,1967,6,,272407,$0.75,,"Harper's Magazine, Inc.",,John Fischer,,,,,,,,
Harper's Magazine,Harper's,1967,7,,265611,$0.75,,"Harper's Magazine, Inc.",,John Fischer,,,,,,,,
Harper's Magazine,Harper's,1967,8,,256567,$0.75,,"Harper's Magazine, Inc.",,Willie Morris,,,,,,,,
Harper's Magazine,Harper's,1967,9,,290721,$0.75,,"Harper's Magazine, Inc.",,Willie Morris,,,,,,,,
Harper's Magazine,Harper's,1967,10,,318696,$0.75,,"Harper's Magazine, Inc.",,Willie Morris,,,,,,,,
Harper's Magazine,Harper's,1967,11,,314040,$0.75,,"Harper's Magazine, Inc.",,Willie Morris,,,,,,,,
Harper's Magazine,Harper's,1967,12,,312006,$0.75,,"Harper's Magazine, Inc.",,Willie Morris,,,,,,,,
Harper's Magazine,Harper's,1968,1,,309546,$0.75,,"Harper's Magazine, Inc.",,Willie Morris,,,,,,,,
Harper's Magazine,Harper's,1968,2,,281085,$0.75,,"Harper's Magazine, Inc.",,Willie Morris,,,,,,,,
Harper's Magazine,Harper's,1968,3,,329798,$0.75,,"Harper's Magazine, Inc.",,Willie Morris,,,,,,,,
Harper's Magazine,Harper's,1968,4,,303340,$0.75,,"Harper's Magazine, Inc.",,Willie Morris,,,,,,,,
Harper's Magazine,Harper's,1968,5,,281492,$0.75,,"Harper's Magazine, Inc.",,Willie Morris,,,,,,,,
Harper's Magazine,Harper's,1968,6,,266152,$0.75,,"Harper's Magazine, Inc.",,Willie Morris,,,,,,,,
Harper's Magazine,Harper's,1968,7,,422065,$0.75,,"Harper's Magazine, Inc.",,Willie Morris,,,,,,,,
Harper's Magazine,Harper's,1968,8,,417788,$0.75,,"Harper's Magazine, Inc.",,Willie Morris,,,,,,,,
Harper's Magazine,Harper's,1968,9,,403272,$0.75,,"Harper's Magazine, Inc.",,Willie Morris,,,,,,,,
Harper's Magazine,Harper's,1968,10,,403405,$0.75,,"Harper's Magazine, Inc.",,Willie Morris,,,,,,,,
Harper's Magazine,Harper's,1968,11,,423145,$0.75,,"Harper's Magazine, Inc.",,Willie Morris,,,,,,,,
Harper's Magazine,Harper's,1968,12,,399057,$0.75,,"Harper's Magazine, Inc.",,Willie Morris,,,,,,,,
Harper's Magazine,Harper's,1969,1,,407506,$0.75,,"Harper's Magazine, Inc.",,Willie Morris,,,,,,,,
Harper's Magazine,Harper's,1969,2,,393562,$0.75,,"Harper's Magazine, Inc.",,Willie Morris,,,,,,,,
Harper's Magazine,Harper's,1969,3,,381635,$0.75,,"Harper's Magazine, Inc.",,Willie Morris,,,,,,,,
Harper's Magazine,Harper's,1969,4,,379457,$0.75,,"Harper's Magazine, Inc.",,Willie Morris,,,,,,,,
Harper's Magazine,Harper's,1969,5,,370104,$0.75,,"Harper's Magazine, Inc.",,Willie Morris,,,,,,,,
Harper's Magazine,Harper's,1969,6,,353900,$0.75,,"Harper's Magazine, Inc.",,Willie Morris,,,,,,,,
Harper's Magazine,Harper's,1969,7,,376459,$0.75,,"Harper's Magazine, Inc.",,Willie Morris,,,,,,,,
Harper's Magazine,Harper's,1969,8,,371908,$0.75,,"Harper's Magazine, Inc.",,Willie Morris,,,,,,,,
Harper's Magazine,Harper's,1969,9,,402366,$0.75,,"Harper's Magazine, Inc.",,Willie Morris,,,,,,,,
Harper's Magazine,Harper's,1969,10,,384371,$0.75,,"Harper's Magazine, Inc.",,Willie Morris,,,,,,,,
Harper's Magazine,Harper's,1969,11,,380287,$0.75,,"Harper's Magazine, Inc.",,Willie Morris,,,,,,,,
Harper's Magazine,Harper's,1969,12,,381792,$0.75,,"Harper's Magazine, Inc.",,Willie Morris,,,,,,,,
Harper's Magazine,Harper's,1970,1,,377384,$0.75,,Harper's Magazine Company,,Willie Morris,,,,,,,,
Harper's Magazine,Harper's,1970,2,,388137,$0.75,,Harper's Magazine Company,,Willie Morris,,,,,,,,
Harper's Magazine,Harper's,1970,3,,378634,$0.75,,Harper's Magazine Company,,Willie Morris,,,,,,,,
Harper's Magazine,Harper's,1970,4,,385322,$0.75,,Harper's Magazine Company,,Willie Morris,,,,,,,,
Harper's Magazine,Harper's,1970,5,,381924,$0.75,,Harper's Magazine Company,,Willie Morris,,,,,,,,
Harper's Magazine,Harper's,1970,6,,363867,$0.75,,Harper's Magazine Company,,Willie Morris,,,,,,,,
Harper's Magazine,Harper's,1970,7,,369831,$0.75,,Harper's Magazine Company,,Willie Morris,,,,,,,,
Harper's Magazine,Harper's,1970,8,,363327,$0.75,,,,Willie Morris,,,,,,,,
Harper's Magazine,Harper's,1970,9,,366801,$0.75,,,,Willie Morris,,,,,,,,
Harper's Magazine,Harper's,1970,10,,352182,$0.75,,,,Willie Morris,,,,,,,,
Harper's Magazine,Harper's,1970,11,,349553,$0.75,,,,Willie Morris,,,,,,,,
Harper's Magazine,Harper's,1970,12,,352720,$0.75,,,,Willie Morris,,,,,,,,
Harper's Magazine,Harper's,1971,1,,330110,$1.00,,,,Willie Morris,,,,,,,,
Harper's Magazine,Harper's,1971,2,,328655,$1.00,,,,Willie Morris,,,,,,,,
Harper's Magazine,Harper's,1971,3,,388818,$1.00,,,,Willie Morris,,,,,,,,
Harper's Magazine,Harper's,1971,4,,328616,$1.00,,,,Willie Morris,,,,,,,,
Harper's Magazine,Harper's,1971,5,,332782,$1.00,,,,Willie Morris,,,,,,,,
Harper's Magazine,Harper's,1971,6,,336413,$1.00,,,,John Fischer,,,,,,,,
Harper's Magazine,Harper's,1971,7,,338206,$1.00,,,,John Fischer,,,,,,,,
Harper's Magazine,Harper's,1971,8,,325949,$1.00,,,,John Fischer,,,,,,,,
Harper's Magazine,Harper's,1971,9,,333173,$1.00,,,,Robert Shnayerson,,,,,,,,
Harper's Magazine,Harper's,1971,10,,325421,$1.00,,,,Robert Shnayerson,,,,,,,,
Harper's Magazine,Harper's,1971,11,,327991,$1.00,,,,Robert Shnayerson,,,,,,,,
Harper's Magazine,Harper's,1971,12,,327312,$1.00,,,,Robert Shnayerson,,,,,,,,
Harper's Magazine,Harper's,1972,1,,334217,$1.00,,,,Robert Shnayerson,,,,,,,,
Harper's Magazine,Harper's,1972,2,,326825,$1.00,,,,Robert Shnayerson,,,,,,,,
Harper's Magazine,Harper's,1972,3,,332994,$1.00,,,,Robert Shnayerson,,,,,,,,
Harper's Magazine,Harper's,1972,4,,329874,$1.00,,,,Robert Shnayerson,,,,,,,,
Harper's Magazine,Harper's,1972,5,,337660,$1.00,,,,Robert Shnayerson,,,,,,,,
Harper's Magazine,Harper's,1972,6,,331049,$1.00,,,,Robert Shnayerson,,,,,,,,
Harper's Magazine,Harper's,1972,7,,332423,$1.00,,,,Robert Shnayerson,,,,,,,,
Harper's Magazine,Harper's,1972,8,,332992,$1.00,,,,Robert Shnayerson,,,,,,,,
Harper's Magazine,Harper's,1972,9,,341741,$1.00,,,,Robert Shnayerson,,,,,,,,
Harper's Magazine,Harper's,1972,10,,339778,$1.00,,,,Robert Shnayerson,,,,,,,,
Harper's Magazine,Harper's,1972,11,,346882,$1.00,,,,Robert Shnayerson,,,,,,,,
Harper's Magazine,Harper's,1972,12,,342472,$1.00,,,,Robert Shnayerson,,,,,,,,